Loja,mean,min,max,count
Mambo,34.09763157894737,3.59,194.98,456
St Marche,36.00620567375886,2.99,165.29,282
www.paodeacucar.com,29.848035714285714,2.99,149.9,336
